{"threshold": 0.46386527548183015, "f1": 0.9615336044245246}