{"roc_auc": 0.9994271999582827, "pr_auc": 0.9994947289043637}