{"roc_auc": 0.9907143329067578, "pr_auc": 0.9912462049509542}